Name,Price,Reviews,Product URL,Image URL
HP 255 G10 Laptop (AMD Athlon Silver 7120U/ 8GB RAM / 256GB SSD/Windows 11/15.6 INCH ASH Silver,"22,399",48,https://www.amazon.in/HP-%E2%80%8E%E2%80%8ELaptop-Athlon-Silver-Windows/dp/B0DV984J97/ref=sr_1_1?dib=eyJ2IjoiMSJ9.0ATFs9W5upGZSFPAAi_s_nRyA9tRC4rhuc7TcOHB2Y9FXFw8WX-2AHqfzJLloeFaRyR6jtS5Zbyv9ixKkmDGmtQ4uKm7ng3JfmAtMvRke4dh_GdnGRTbkHyO3AJpqk_UmPdTxPFWbgbJAiwiRMpiNUyqTQCijwFq8ktTgtQTXLVmOYFcd2MDjOnSUULaLsUXc74-NsPZns41Ku1YDi4Odfw1XHDouqxEW0Lk92MaUFQ.XWhzBKLzhmiVhZObOTPom8yfr6_CpS6LoMmnct2SpbU&dib_tag=se&keywords=laptops&qid=1753897369&sr=8-1,https://m.media-amazon.com/images/I/71rw7cd14mL._AC_UY218_.jpg
"Lenovo V15 Intel Celeron N4500 15.6"" (39.62 cm) FHD (1920x1080) Antiglare 250 Nits Thin and Light Laptop (8GB RAM/256GB SSD/Windows 11 Home/Black/1Y Onsite/1.7 kg), 82QYA00MIN","22,600",546,https://www.amazon.in/Lenovo-Celeron-1920x1080-Antiglare-82QYA00MIN/dp/B0C28FKJXG/ref=sr_1_2?dib=eyJ2IjoiMSJ9.0ATFs9W5upGZSFPAAi_s_nRyA9tRC4rhuc7TcOHB2Y9FXFw8WX-2AHqfzJLloeFaRyR6jtS5Zbyv9ixKkmDGmtQ4uKm7ng3JfmAtMvRke4dh_GdnGRTbkHyO3AJpqk_UmPdTxPFWbgbJAiwiRMpiNUyqTQCijwFq8ktTgtQTXLVmOYFcd2MDjOnSUULaLsUXc74-NsPZns41Ku1YDi4Odfw1XHDouqxEW0Lk92MaUFQ.XWhzBKLzhmiVhZObOTPom8yfr6_CpS6LoMmnct2SpbU&dib_tag=se&keywords=laptops&qid=1753897369&sr=8-2,https://m.media-amazon.com/images/I/516btukUorL._AC_UY218_.jpg
"HP 15, AMD Ryzen 3 7320U (8GB LPDDR5, 512GB SSD) FHD, Anti-Glare, Micro-Edge, 15.6""/39.6cm, Win 11, Office 21, Silver, 1.59kg, fc0154AU, AMD Radeon Graphics, 1080p FHD Camera Laptop","30,550","1,696",https://www.amazon.in/HP-Laptop-15-6-inch-Graphics-fc0154AU/dp/B0D3HG5CMG/ref=sr_1_3?dib=eyJ2IjoiMSJ9.0ATFs9W5upGZSFPAAi_s_nRyA9tRC4rhuc7TcOHB2Y9FXFw8WX-2AHqfzJLloeFaRyR6jtS5Zbyv9ixKkmDGmtQ4uKm7ng3JfmAtMvRke4dh_GdnGRTbkHyO3AJpqk_UmPdTxPFWbgbJAiwiRMpiNUyqTQCijwFq8ktTgtQTXLVmOYFcd2MDjOnSUULaLsUXc74-NsPZns41Ku1YDi4Odfw1XHDouqxEW0Lk92MaUFQ.XWhzBKLzhmiVhZObOTPom8yfr6_CpS6LoMmnct2SpbU&dib_tag=se&keywords=laptops&qid=1753897369&sr=8-3,https://m.media-amazon.com/images/I/61SHFVKs+AL._AC_UY218_.jpg
"HP 15, 13th Gen Intel Core i3-1315U (12GB DDR4, 512GB SSD) FHD, Anti-Glare, Micro-Edge, 15.6''/39.6cm, Win11, M365 Basic(1yr)* Office24, Silver, 1.59kg, fd0573TU, FHD Camera w/Shutter Laptop","39,290",200,https://www.amazon.in/HP-i3-1315U-Anti-Glare-Micro-Edge-fd0573TU/dp/B0F4R3GFMQ/ref=sr_1_4?dib=eyJ2IjoiMSJ9.0ATFs9W5upGZSFPAAi_s_nRyA9tRC4rhuc7TcOHB2Y9FXFw8WX-2AHqfzJLloeFaRyR6jtS5Zbyv9ixKkmDGmtQ4uKm7ng3JfmAtMvRke4dh_GdnGRTbkHyO3AJpqk_UmPdTxPFWbgbJAiwiRMpiNUyqTQCijwFq8ktTgtQTXLVmOYFcd2MDjOnSUULaLsUXc74-NsPZns41Ku1YDi4Odfw1XHDouqxEW0Lk92MaUFQ.XWhzBKLzhmiVhZObOTPom8yfr6_CpS6LoMmnct2SpbU&dib_tag=se&keywords=laptops&qid=1753897369&sr=8-4,https://m.media-amazon.com/images/I/71FXHAM+jWL._AC_UY218_.jpg
"HP 15, 13th Gen Intel Core i3-1315U (8GB DDR4, 512GB SSD), Anti-Glare, Micro-Edge, 15.6''/39.6cm, FHD, Win 11, M365 Basic(1yr)* Office2024, Silver, 1.59kg, fd0465TU, UHD Graphics, FHD Camera Laptop","34,250",8,https://www.amazon.in/HP-i3-1315U-Antiglare-Privacy-fd0465TU/dp/B0DTTS9B1F/ref=sr_1_5?dib=eyJ2IjoiMSJ9.0ATFs9W5upGZSFPAAi_s_nRyA9tRC4rhuc7TcOHB2Y9FXFw8WX-2AHqfzJLloeFaRyR6jtS5Zbyv9ixKkmDGmtQ4uKm7ng3JfmAtMvRke4dh_GdnGRTbkHyO3AJpqk_UmPdTxPFWbgbJAiwiRMpiNUyqTQCijwFq8ktTgtQTXLVmOYFcd2MDjOnSUULaLsUXc74-NsPZns41Ku1YDi4Odfw1XHDouqxEW0Lk92MaUFQ.XWhzBKLzhmiVhZObOTPom8yfr6_CpS6LoMmnct2SpbU&dib_tag=se&keywords=laptops&qid=1753897369&sr=8-5,https://m.media-amazon.com/images/I/71MW35Gu9QL._AC_UY218_.jpg
"Lenovo {SmartChoice)Chromebook Intel Celeron N4500 (4GB RAM/64GB eMMC 5.1/11.6 Inch (29.46cm)/HD Display/2Wx2 Stereo Speakers/HD Camera/Chrome OS/Blue/1.21Kg), 82UY0014HA","16,990",18,https://www.amazon.in/Lenovo-SmartChoice-Chromebook-Speakers-82UY0014HA/dp/B0F2TMZJ24/ref=sr_1_6?dib=eyJ2IjoiMSJ9.0ATFs9W5upGZSFPAAi_s_nRyA9tRC4rhuc7TcOHB2Y9FXFw8WX-2AHqfzJLloeFaRyR6jtS5Zbyv9ixKkmDGmtQ4uKm7ng3JfmAtMvRke4dh_GdnGRTbkHyO3AJpqk_UmPdTxPFWbgbJAiwiRMpiNUyqTQCijwFq8ktTgtQTXLVmOYFcd2MDjOnSUULaLsUXc74-NsPZns41Ku1YDi4Odfw1XHDouqxEW0Lk92MaUFQ.XWhzBKLzhmiVhZObOTPom8yfr6_CpS6LoMmnct2SpbU&dib_tag=se&keywords=laptops&qid=1753897369&sr=8-6,https://m.media-amazon.com/images/I/71eHrg3+O7L._AC_UY218_.jpg
"Lenovo V15 G4 AMD Ryzen 5 7520U 15.6 inch FHD Thin & Lite Laptop, AMD Graphics, 16GB DDR5 5500Mhz Ram, 512GB SSD NVMe, Windows 11, Dolby Audio, Arctic Grey, 1 Year Onsite Brand Warranty","33,480",116,https://www.amazon.in/Lenovo-Graphics-5500Mhz-Windows-Warranty/dp/B0F29HNJL1/ref=sr_1_7?dib=eyJ2IjoiMSJ9.0ATFs9W5upGZSFPAAi_s_nRyA9tRC4rhuc7TcOHB2Y9FXFw8WX-2AHqfzJLloeFaRyR6jtS5Zbyv9ixKkmDGmtQ4uKm7ng3JfmAtMvRke4dh_GdnGRTbkHyO3AJpqk_UmPdTxPFWbgbJAiwiRMpiNUyqTQCijwFq8ktTgtQTXLVmOYFcd2MDjOnSUULaLsUXc74-NsPZns41Ku1YDi4Odfw1XHDouqxEW0Lk92MaUFQ.XWhzBKLzhmiVhZObOTPom8yfr6_CpS6LoMmnct2SpbU&dib_tag=se&keywords=laptops&qid=1753897369&sr=8-7,https://m.media-amazon.com/images/I/51bfKFtNSQL._AC_UY218_.jpg
"Lenovo IdeaPad Slim 3, Intel Core i5-12450H, 12th Gen, 16GB RAM, 512GB SSD, FHD IPS, 14""/35.5cm, Windows 11, MS Office Home 2024, Grey, 1.37Kg, 83EQ0073IN, 1Yr ADP Free, Thin & Light Laptop","49,500",643,https://www.amazon.in/Lenovo-IdeaPad-i5-12450H-Windows-83EQ0073IN/dp/B0DRNSHRKK/ref=sr_1_8?dib=eyJ2IjoiMSJ9.0ATFs9W5upGZSFPAAi_s_nRyA9tRC4rhuc7TcOHB2Y9FXFw8WX-2AHqfzJLloeFaRyR6jtS5Zbyv9ixKkmDGmtQ4uKm7ng3JfmAtMvRke4dh_GdnGRTbkHyO3AJpqk_UmPdTxPFWbgbJAiwiRMpiNUyqTQCijwFq8ktTgtQTXLVmOYFcd2MDjOnSUULaLsUXc74-NsPZns41Ku1YDi4Odfw1XHDouqxEW0Lk92MaUFQ.XWhzBKLzhmiVhZObOTPom8yfr6_CpS6LoMmnct2SpbU&dib_tag=se&keywords=laptops&qid=1753897369&sr=8-8,https://m.media-amazon.com/images/I/81fvJauBWDL._AC_UY218_.jpg
"HP 14s, Intel Celeron N4500 Laptop (8GB DDR4,512GB SSD) Anti-Glare, Micro-Edge, 14/35.6cm, HD, Win11, M365 Basic(1yr),Office Home24, Black,1.46kg, HD Camera, UHD Graphics, dq3141TU","25,990",48,https://www.amazon.in/HP-Anti-Glare-Micro-Edge-Graphics-dq3141TU/dp/B0FB9B6HLV/ref=sr_1_9?dib=eyJ2IjoiMSJ9.0ATFs9W5upGZSFPAAi_s_nRyA9tRC4rhuc7TcOHB2Y9FXFw8WX-2AHqfzJLloeFaRyR6jtS5Zbyv9ixKkmDGmtQ4uKm7ng3JfmAtMvRke4dh_GdnGRTbkHyO3AJpqk_UmPdTxPFWbgbJAiwiRMpiNUyqTQCijwFq8ktTgtQTXLVmOYFcd2MDjOnSUULaLsUXc74-NsPZns41Ku1YDi4Odfw1XHDouqxEW0Lk92MaUFQ.XWhzBKLzhmiVhZObOTPom8yfr6_CpS6LoMmnct2SpbU&dib_tag=se&keywords=laptops&qid=1753897369&sr=8-9,https://m.media-amazon.com/images/I/71ke9jSAB4L._AC_UY218_.jpg
"Lenovo ThinkBook 16 AMD Ryzen 5 7535HS (16GB RAM/512GB SSD/Win 11 Home/Office 2024/Backlit Keyboard/Fingerprint) 16"" WUXGA IPS 300 Nits Thin & Light Laptop/1Y Warranty/Aluminium Top/1.7kg, 21MWA0BSIN","49,990",47,https://www.amazon.in/Lenovo-ThinkBook-Fingerprint-Aluminium-21MWA0BSIN/dp/B0DZJ262NX/ref=sr_1_10?dib=eyJ2IjoiMSJ9.0ATFs9W5upGZSFPAAi_s_nRyA9tRC4rhuc7TcOHB2Y9FXFw8WX-2AHqfzJLloeFaRyR6jtS5Zbyv9ixKkmDGmtQ4uKm7ng3JfmAtMvRke4dh_GdnGRTbkHyO3AJpqk_UmPdTxPFWbgbJAiwiRMpiNUyqTQCijwFq8ktTgtQTXLVmOYFcd2MDjOnSUULaLsUXc74-NsPZns41Ku1YDi4Odfw1XHDouqxEW0Lk92MaUFQ.XWhzBKLzhmiVhZObOTPom8yfr6_CpS6LoMmnct2SpbU&dib_tag=se&keywords=laptops&qid=1753897369&sr=8-10,https://m.media-amazon.com/images/I/51XpiWaeMQL._AC_UY218_.jpg
"HP 15, 13th Gen Intel Core i5-1334U Laptop (16GB DDR4,512GB SSD) Anti-Glare, Micro-edge,15.6''/39.6cm, FHD, Win11,M365,Office24, Silver,1.59kg, Iris Xe Graphics, FHD Camera w/privacy shutter, fd0577TU","56,190",53,https://www.amazon.in/HP-i5-1334U-Anti-Glare-Micro-edge-fd0577TU/dp/B0F4R6H3NB/ref=sr_1_11?dib=eyJ2IjoiMSJ9.0ATFs9W5upGZSFPAAi_s_nRyA9tRC4rhuc7TcOHB2Y9FXFw8WX-2AHqfzJLloeFaRyR6jtS5Zbyv9ixKkmDGmtQ4uKm7ng3JfmAtMvRke4dh_GdnGRTbkHyO3AJpqk_UmPdTxPFWbgbJAiwiRMpiNUyqTQCijwFq8ktTgtQTXLVmOYFcd2MDjOnSUULaLsUXc74-NsPZns41Ku1YDi4Odfw1XHDouqxEW0Lk92MaUFQ.XWhzBKLzhmiVhZObOTPom8yfr6_CpS6LoMmnct2SpbU&dib_tag=se&keywords=laptops&qid=1753897369&sr=8-11,https://m.media-amazon.com/images/I/71bagLp2sXL._AC_UY218_.jpg
"Acer [SmartChoice Aspire Lite AMD Ryzen 5-5625U Processor, 16 GB/512 GB, Full HD, 15.6""/39.62 cm, Windows 11 Home, Steel Gray, 1.59 kg, AL15-41, Metal Body, Thin and Light Laptop","36,590","1,336",https://www.amazon.in/5-5625U-Premium-Windows-AL15-41-Display/dp/B0DG2GCTD7/ref=sr_1_12?dib=eyJ2IjoiMSJ9.0ATFs9W5upGZSFPAAi_s_nRyA9tRC4rhuc7TcOHB2Y9FXFw8WX-2AHqfzJLloeFaRyR6jtS5Zbyv9ixKkmDGmtQ4uKm7ng3JfmAtMvRke4dh_GdnGRTbkHyO3AJpqk_UmPdTxPFWbgbJAiwiRMpiNUyqTQCijwFq8ktTgtQTXLVmOYFcd2MDjOnSUULaLsUXc74-NsPZns41Ku1YDi4Odfw1XHDouqxEW0Lk92MaUFQ.XWhzBKLzhmiVhZObOTPom8yfr6_CpS6LoMmnct2SpbU&dib_tag=se&keywords=laptops&qid=1753897369&sr=8-12,https://m.media-amazon.com/images/I/61k0gpxQwCL._AC_UY218_.jpg
"Apple MacBook Air Laptop: Apple M1 chip, 13.3-inch/33.74 cm Retina Display, 8GB RAM, 256GB SSD Storage, Backlit Keyboard, FaceTime HD Camera, Touch ID. Works with iPhone/iPad; Space Grey","59,990","7,113",https://www.amazon.in/Apple-MacBook-Chip-13-inch-256GB/dp/B08N5W4NNB/ref=sr_1_13?dib=eyJ2IjoiMSJ9.0ATFs9W5upGZSFPAAi_s_nRyA9tRC4rhuc7TcOHB2Y9FXFw8WX-2AHqfzJLloeFaRyR6jtS5Zbyv9ixKkmDGmtQ4uKm7ng3JfmAtMvRke4dh_GdnGRTbkHyO3AJpqk_UmPdTxPFWbgbJAiwiRMpiNUyqTQCijwFq8ktTgtQTXLVmOYFcd2MDjOnSUULaLsUXc74-NsPZns41Ku1YDi4Odfw1XHDouqxEW0Lk92MaUFQ.XWhzBKLzhmiVhZObOTPom8yfr6_CpS6LoMmnct2SpbU&dib_tag=se&keywords=laptops&qid=1753897369&sr=8-13,https://m.media-amazon.com/images/I/71jG+e7roXL._AC_UY218_.jpg
"DELL Wyse 5470 (2025) Intel Celeron Quad Core N4100 - (8 GB/256 GB SSD/16 GB EMMC Storage/Intel UHD Graphics/Windows 11 Home) Thin and Light Business Laptop/14.0"" HD Display/Black/1.4 kg/MSO 2021","23,411",N/A,https://www.amazon.in/DELL-Wyse-Intel-Celeron-N4100/dp/B01HZ5ZCBE/ref=sr_1_14?dib=eyJ2IjoiMSJ9.0ATFs9W5upGZSFPAAi_s_nRyA9tRC4rhuc7TcOHB2Y9FXFw8WX-2AHqfzJLloeFaRyR6jtS5Zbyv9ixKkmDGmtQ4uKm7ng3JfmAtMvRke4dh_GdnGRTbkHyO3AJpqk_UmPdTxPFWbgbJAiwiRMpiNUyqTQCijwFq8ktTgtQTXLVmOYFcd2MDjOnSUULaLsUXc74-NsPZns41Ku1YDi4Odfw1XHDouqxEW0Lk92MaUFQ.XWhzBKLzhmiVhZObOTPom8yfr6_CpS6LoMmnct2SpbU&dib_tag=se&keywords=laptops&qid=1753897369&sr=8-14,https://m.media-amazon.com/images/I/61hbmIzMC3L._AC_UY218_.jpg
"Lenovo Ideapad 1 AMD Ryzen 5 5625U (16GB RAM/512GB SSD/Windows 11/Office Home 2024/15.6 Inch (39.6Cm)/FHD IPS Display/3Months Game Pass/Grey/1.6Kg), 82R4011CIN/0DIN Laptop","37,990","2,069",https://www.amazon.in/Lenovo-Ideapad-Windows-Display-82R4011CIN/dp/B0DT3SBQM7/ref=sr_1_15?dib=eyJ2IjoiMSJ9.0ATFs9W5upGZSFPAAi_s_nRyA9tRC4rhuc7TcOHB2Y9FXFw8WX-2AHqfzJLloeFaRyR6jtS5Zbyv9ixKkmDGmtQ4uKm7ng3JfmAtMvRke4dh_GdnGRTbkHyO3AJpqk_UmPdTxPFWbgbJAiwiRMpiNUyqTQCijwFq8ktTgtQTXLVmOYFcd2MDjOnSUULaLsUXc74-NsPZns41Ku1YDi4Odfw1XHDouqxEW0Lk92MaUFQ.XWhzBKLzhmiVhZObOTPom8yfr6_CpS6LoMmnct2SpbU&dib_tag=se&keywords=laptops&qid=1753897369&sr=8-15,https://m.media-amazon.com/images/I/814By4kEe5L._AC_UY218_.jpg
"DELL 14 (2025) Intel Core i3 12th Gen 1215U - (16 GB/512 GB SSD/Intel UHD Graphics/Windows 11 Pro) Thin and Light Business Laptop/14.0"" HD Display/Grey/1.5 kg/MS Office 2021/1 Year ADP Warranty","33,101",1,https://www.amazon.in/DELL-Intel-Core-12th-1215U/dp/B0D58LMNY1/ref=sr_1_16?dib=eyJ2IjoiMSJ9.0ATFs9W5upGZSFPAAi_s_nRyA9tRC4rhuc7TcOHB2Y9FXFw8WX-2AHqfzJLloeFaRyR6jtS5Zbyv9ixKkmDGmtQ4uKm7ng3JfmAtMvRke4dh_GdnGRTbkHyO3AJpqk_UmPdTxPFWbgbJAiwiRMpiNUyqTQCijwFq8ktTgtQTXLVmOYFcd2MDjOnSUULaLsUXc74-NsPZns41Ku1YDi4Odfw1XHDouqxEW0Lk92MaUFQ.XWhzBKLzhmiVhZObOTPom8yfr6_CpS6LoMmnct2SpbU&dib_tag=se&keywords=laptops&qid=1753897369&sr=8-16,https://m.media-amazon.com/images/I/71azDhVNPgL._AC_UY218_.jpg
"HP 14 (2025), AMD Ryzen 5 7520U Quad Core - (8 GB/512 GB SSD/AMD Radeon Graphics/Windows 11 Pro) Thin and Light Business Laptop/14.0"" HD Display/Ash Grey/1.36 kg/MS Office 2021","29,990",9,https://www.amazon.in/HP-14-Ryzen-7520U-Quad/dp/B0F6V25PSC/ref=sr_1_17?dib=eyJ2IjoiMSJ9.ezWdfmG24jmWZCwCd0vD6OKBSnNEZTH9Ue-Y6VemR4nWFALxz9cpQM0Ob6tkAbIcQO2THYXI_ZKLqnT8HzuiAiwXwZJaZqwn4xuO47Ez1TreImSoZBQIbuUH06S9O4R_M1QEKOZxNlYeXqzrZxaDEl8RfVOgQVSNZDt_RWilk5wutaeLLyFX3gWcClETnJujyjjw9AECp4OBIT8SC6zn-gEioq8kWEILSIMceXdzJ9U.-Vrw3dJrBlAtzsxUUeINVcJ9U3DiMxbEOzNUSfriQa0&dib_tag=se&keywords=laptops&qid=1753897375&sr=8-17,https://m.media-amazon.com/images/I/71OYTmMWyLL._AC_UY218_.jpg
"Lenovo V15 AMD Ryzen 3 7320U 15.6"" (39.62cm) FHD 250 Nits Antiglare Thin and Light Laptop (8GB/512GB SSD/Windows 11 Home/Arctic Grey/1.63 Kg), 83CQ000XIN","28,990",90,https://www.amazon.in/Lenovo-39-62cm-Antiglare-Windows-83CQ000XIN/dp/B0DVGQPW13/ref=sr_1_18?dib=eyJ2IjoiMSJ9.ezWdfmG24jmWZCwCd0vD6OKBSnNEZTH9Ue-Y6VemR4nWFALxz9cpQM0Ob6tkAbIcQO2THYXI_ZKLqnT8HzuiAiwXwZJaZqwn4xuO47Ez1TreImSoZBQIbuUH06S9O4R_M1QEKOZxNlYeXqzrZxaDEl8RfVOgQVSNZDt_RWilk5wutaeLLyFX3gWcClETnJujyjjw9AECp4OBIT8SC6zn-gEioq8kWEILSIMceXdzJ9U.-Vrw3dJrBlAtzsxUUeINVcJ9U3DiMxbEOzNUSfriQa0&dib_tag=se&keywords=laptops&qid=1753897375&sr=8-18,https://m.media-amazon.com/images/I/41kIqmz4S3L._AC_UY218_.jpg
"ASUS Vivobook 15, Intel Core i3-1315U 13th Gen, 15.6"" (39.62 cms) FHD, Thin and Light Laptop (8GB RAM/512GB SSD/Win11/MS Office/Backlit Keyboard/Silver/1.7 kg), X1504VA-NJ320WS","33,580",63,https://www.amazon.in/ASUS-Vivobook-i3-1315U-Integrated-X1504VA-NJ320WS/dp/B0CYTD8DVF/ref=sr_1_19?dib=eyJ2IjoiMSJ9.ezWdfmG24jmWZCwCd0vD6OKBSnNEZTH9Ue-Y6VemR4nWFALxz9cpQM0Ob6tkAbIcQO2THYXI_ZKLqnT8HzuiAiwXwZJaZqwn4xuO47Ez1TreImSoZBQIbuUH06S9O4R_M1QEKOZxNlYeXqzrZxaDEl8RfVOgQVSNZDt_RWilk5wutaeLLyFX3gWcClETnJujyjjw9AECp4OBIT8SC6zn-gEioq8kWEILSIMceXdzJ9U.-Vrw3dJrBlAtzsxUUeINVcJ9U3DiMxbEOzNUSfriQa0&dib_tag=se&keywords=laptops&qid=1753897375&sr=8-19,https://m.media-amazon.com/images/I/715P4YWFq7L._AC_UY218_.jpg
"hp Professional 14[New Launch], 13th Gen Intel Core i5-1334U Turbo Boost, 32GB DDR4, 512GB SSD, Win 11 Pro, MSO21 Pro, Anti-Glare IPS 14inch FHD Laptop, Finger Print, Backlit KB, Silver, 1.38kg","58,890",6,https://www.amazon.in/Professional-Launch-i5-1334U-Anti-Glare-Backlit/dp/B0FFGWWHBP/ref=sr_1_20?dib=eyJ2IjoiMSJ9.ezWdfmG24jmWZCwCd0vD6OKBSnNEZTH9Ue-Y6VemR4nWFALxz9cpQM0Ob6tkAbIcQO2THYXI_ZKLqnT8HzuiAiwXwZJaZqwn4xuO47Ez1TreImSoZBQIbuUH06S9O4R_M1QEKOZxNlYeXqzrZxaDEl8RfVOgQVSNZDt_RWilk5wutaeLLyFX3gWcClETnJujyjjw9AECp4OBIT8SC6zn-gEioq8kWEILSIMceXdzJ9U.-Vrw3dJrBlAtzsxUUeINVcJ9U3DiMxbEOzNUSfriQa0&dib_tag=se&keywords=laptops&qid=1753897375&sr=8-20,https://m.media-amazon.com/images/I/61c1ezbqfEL._AC_UY218_.jpg
"HP 15, 13th Gen Intel Core i3-1315U Laptop (8GB DDR4,512GB SSD) Anti-Glare, Micro-Edge,15.6''/39.6cm, FHD, Win11,M365 Basic(1yr),Office Home24, Silver,1.59kg, FHD Camera w/Privacy Shutter, fd0569TU","36,999","2,023",https://www.amazon.in/HP-i3-1315U-Anti-Glare-Micro-Edge-fd0569TU/dp/B0F4R5W1NC/ref=sr_1_21?dib=eyJ2IjoiMSJ9.ezWdfmG24jmWZCwCd0vD6OKBSnNEZTH9Ue-Y6VemR4nWFALxz9cpQM0Ob6tkAbIcQO2THYXI_ZKLqnT8HzuiAiwXwZJaZqwn4xuO47Ez1TreImSoZBQIbuUH06S9O4R_M1QEKOZxNlYeXqzrZxaDEl8RfVOgQVSNZDt_RWilk5wutaeLLyFX3gWcClETnJujyjjw9AECp4OBIT8SC6zn-gEioq8kWEILSIMceXdzJ9U.-Vrw3dJrBlAtzsxUUeINVcJ9U3DiMxbEOzNUSfriQa0&dib_tag=se&keywords=laptops&qid=1753897375&sr=8-21,https://m.media-amazon.com/images/I/71K2w4+A7UL._AC_UY218_.jpg
"Lenovo IdeaPad Slim 3, Intel Core i5-12450H, 12th Gen, 16GB RAM, 512GB SSD, FHD, 14""/35.5cm, Windows 11, MS Office Home 2024, Grey, 1.37Kg, 83EQ0072IN, 3 mon. Game Pass Laptop","49,400",643,https://www.amazon.in/Lenovo-IdeaPad-i5-12450H-Windows-83EQ0072IN/dp/B0DP7BZ8FD/ref=sr_1_22?dib=eyJ2IjoiMSJ9.ezWdfmG24jmWZCwCd0vD6OKBSnNEZTH9Ue-Y6VemR4nWFALxz9cpQM0Ob6tkAbIcQO2THYXI_ZKLqnT8HzuiAiwXwZJaZqwn4xuO47Ez1TreImSoZBQIbuUH06S9O4R_M1QEKOZxNlYeXqzrZxaDEl8RfVOgQVSNZDt_RWilk5wutaeLLyFX3gWcClETnJujyjjw9AECp4OBIT8SC6zn-gEioq8kWEILSIMceXdzJ9U.-Vrw3dJrBlAtzsxUUeINVcJ9U3DiMxbEOzNUSfriQa0&dib_tag=se&keywords=laptops&qid=1753897375&sr=8-22,https://m.media-amazon.com/images/I/81Tj8G57-WL._AC_UY218_.jpg
"Walker Thin & Light Laptop,14.1""(4GB RAM,128GB SSD)| FHD IPS Display 1920 * 1080 Resolution | Celeron Processor N4020 (Gemini Lake)| UHD Graphics 600|Webcam | Windows 11 Home | Champagne Gold","13,290",137,https://www.amazon.in/Walker-Notebook-Laptop-PC-Model/dp/B0CGX5B5TZ/ref=sr_1_23?dib=eyJ2IjoiMSJ9.ezWdfmG24jmWZCwCd0vD6OKBSnNEZTH9Ue-Y6VemR4nWFALxz9cpQM0Ob6tkAbIcQO2THYXI_ZKLqnT8HzuiAiwXwZJaZqwn4xuO47Ez1TreImSoZBQIbuUH06S9O4R_M1QEKOZxNlYeXqzrZxaDEl8RfVOgQVSNZDt_RWilk5wutaeLLyFX3gWcClETnJujyjjw9AECp4OBIT8SC6zn-gEioq8kWEILSIMceXdzJ9U.-Vrw3dJrBlAtzsxUUeINVcJ9U3DiMxbEOzNUSfriQa0&dib_tag=se&keywords=laptops&qid=1753897375&sr=8-23,https://m.media-amazon.com/images/I/61-CHoaMRZL._AC_UY218_.jpg
"Lenovo IdeaPad 1 AMD Ryzen 5 5625U 15.6 inch (38.5cm) FHD Laptop (16GB RAM/512GB SSD/Windows 11/Office Home 2024/3 Month Game Pass/Grey/1.6Kg), 82R4011CIN","38,490","2,069",https://www.amazon.in/Lenovo-IdeaPad-38-5cm-Windows-82R4011CIN/dp/B0F8MX6QK1/ref=sr_1_24?dib=eyJ2IjoiMSJ9.ezWdfmG24jmWZCwCd0vD6OKBSnNEZTH9Ue-Y6VemR4nWFALxz9cpQM0Ob6tkAbIcQO2THYXI_ZKLqnT8HzuiAiwXwZJaZqwn4xuO47Ez1TreImSoZBQIbuUH06S9O4R_M1QEKOZxNlYeXqzrZxaDEl8RfVOgQVSNZDt_RWilk5wutaeLLyFX3gWcClETnJujyjjw9AECp4OBIT8SC6zn-gEioq8kWEILSIMceXdzJ9U.-Vrw3dJrBlAtzsxUUeINVcJ9U3DiMxbEOzNUSfriQa0&dib_tag=se&keywords=laptops&qid=1753897375&sr=8-24,https://m.media-amazon.com/images/I/814By4kEe5L._AC_UY218_.jpg
"Lenovo V14 G3, 12th Gen Intel Core i7-1255U Upto 4.70Ghz (16GB RAM/512GB SSD/Windows 11) 14.0"" FHD Display Thin and Light Laptop/Iron Grey /1.70 kg 1 Year Onsite Brand Warranty","52,250",77,https://www.amazon.in/Lenovo-i7-1255U-4-70Ghz-Windows-Warranty/dp/B0F32ZBDNJ/ref=sr_1_25?dib=eyJ2IjoiMSJ9.ezWdfmG24jmWZCwCd0vD6OKBSnNEZTH9Ue-Y6VemR4nWFALxz9cpQM0Ob6tkAbIcQO2THYXI_ZKLqnT8HzuiAiwXwZJaZqwn4xuO47Ez1TreImSoZBQIbuUH06S9O4R_M1QEKOZxNlYeXqzrZxaDEl8RfVOgQVSNZDt_RWilk5wutaeLLyFX3gWcClETnJujyjjw9AECp4OBIT8SC6zn-gEioq8kWEILSIMceXdzJ9U.-Vrw3dJrBlAtzsxUUeINVcJ9U3DiMxbEOzNUSfriQa0&dib_tag=se&keywords=laptops&qid=1753897375&sr=8-25,https://m.media-amazon.com/images/I/519RoeX1P4L._AC_UY218_.jpg
"HP Victus Gaming Laptop, AMD Ryzen 5 5600H, AMD 4GB Radeon RX 6500M Graphics, 15.6-inch (39.6 cm), FHD, IPS, 8GB DDR4, 512GB SSD, Backlit KB, B&O (Win 11, Blue, 2.29 kg), fb0147AX, fb0184ax","48,900",47,https://www.amazon.in/HP-Graphics-15-6-inch-Backlit-fb0147AX/dp/B0C946F286/ref=sr_1_26?dib=eyJ2IjoiMSJ9.ezWdfmG24jmWZCwCd0vD6OKBSnNEZTH9Ue-Y6VemR4nWFALxz9cpQM0Ob6tkAbIcQO2THYXI_ZKLqnT8HzuiAiwXwZJaZqwn4xuO47Ez1TreImSoZBQIbuUH06S9O4R_M1QEKOZxNlYeXqzrZxaDEl8RfVOgQVSNZDt_RWilk5wutaeLLyFX3gWcClETnJujyjjw9AECp4OBIT8SC6zn-gEioq8kWEILSIMceXdzJ9U.-Vrw3dJrBlAtzsxUUeINVcJ9U3DiMxbEOzNUSfriQa0&dib_tag=se&keywords=laptops&qid=1753897375&sr=8-26,https://m.media-amazon.com/images/I/71hC42cKbsL._AC_UY218_.jpg
"Lenovo V15 G4 AMD Ryzen 5 7520U 15.6 inch FHD Thin & Lite Laptop, AMD Graphics, 16GB DDR5 5500Mhz Ram, 512GB SSD,Dolby Audio,Premium Grey, 1 Year Onsite Brand Warranty","33,460",116,https://www.amazon.in/Lenovo-Graphics-5500Mhz-Premium-Warranty/dp/B0F7HRM9JX/ref=sr_1_27?dib=eyJ2IjoiMSJ9.ezWdfmG24jmWZCwCd0vD6OKBSnNEZTH9Ue-Y6VemR4nWFALxz9cpQM0Ob6tkAbIcQO2THYXI_ZKLqnT8HzuiAiwXwZJaZqwn4xuO47Ez1TreImSoZBQIbuUH06S9O4R_M1QEKOZxNlYeXqzrZxaDEl8RfVOgQVSNZDt_RWilk5wutaeLLyFX3gWcClETnJujyjjw9AECp4OBIT8SC6zn-gEioq8kWEILSIMceXdzJ9U.-Vrw3dJrBlAtzsxUUeINVcJ9U3DiMxbEOzNUSfriQa0&dib_tag=se&keywords=laptops&qid=1753897375&sr=8-27,https://m.media-amazon.com/images/I/51JfEzZcfZL._AC_UY218_.jpg
"HP 255 G10 7000 Series AMD Ryzen 5 Quad Core 7520U 2.8Ghz Upto 4.3Ghz - (8 GB/512 GB SSD/AMD Radeon Graphics) 255 G10 Thin and Light Laptop (15.6 inch, Matt Silver, 1.45 kg)","28,800",40,https://www.amazon.in/HP-Ryzen-7520U-2-8Ghz-4-3Ghz/dp/B0F4KYTVCP/ref=sr_1_28?dib=eyJ2IjoiMSJ9.ezWdfmG24jmWZCwCd0vD6OKBSnNEZTH9Ue-Y6VemR4nWFALxz9cpQM0Ob6tkAbIcQO2THYXI_ZKLqnT8HzuiAiwXwZJaZqwn4xuO47Ez1TreImSoZBQIbuUH06S9O4R_M1QEKOZxNlYeXqzrZxaDEl8RfVOgQVSNZDt_RWilk5wutaeLLyFX3gWcClETnJujyjjw9AECp4OBIT8SC6zn-gEioq8kWEILSIMceXdzJ9U.-Vrw3dJrBlAtzsxUUeINVcJ9U3DiMxbEOzNUSfriQa0&dib_tag=se&keywords=laptops&qid=1753897375&sr=8-28,https://m.media-amazon.com/images/I/71-Ia2Gvd0L._AC_UY218_.jpg
"HP 15, 13th Gen Intel Core i3-1315U Laptop (8GB DDR4, 512GB SSD) Anti-Glare, Micro-Edge, 15.6""/39.6cm, FHD, Win 11, MSO 21, Silver, 1.59kg, Intel UHD Graphics, 1080p FHD Camera, 15-fd0006TU/fd0186tu","37,350",200,https://www.amazon.in/HP-i3-1315U-Anti-Glare-Micro-Edge-Graphics/dp/B0D2KDCWJL/ref=sr_1_29?dib=eyJ2IjoiMSJ9.ezWdfmG24jmWZCwCd0vD6OKBSnNEZTH9Ue-Y6VemR4nWFALxz9cpQM0Ob6tkAbIcQO2THYXI_ZKLqnT8HzuiAiwXwZJaZqwn4xuO47Ez1TreImSoZBQIbuUH06S9O4R_M1QEKOZxNlYeXqzrZxaDEl8RfVOgQVSNZDt_RWilk5wutaeLLyFX3gWcClETnJujyjjw9AECp4OBIT8SC6zn-gEioq8kWEILSIMceXdzJ9U.-Vrw3dJrBlAtzsxUUeINVcJ9U3DiMxbEOzNUSfriQa0&dib_tag=se&keywords=laptops&qid=1753897375&sr=8-29,https://m.media-amazon.com/images/I/718ba2SBJYL._AC_UY218_.jpg
"Acer Aspire 3 Laptop Intel Core Celeron N4500 Processor Laptop (8 GB LPDDR4X SDRAM/256 GB SSD/Win11 Home/38 WHR/HD Webcam) A324-45 with 35.56 cm (14"") HD Display, Pure Silver, 1.3 KG","21,990",445,https://www.amazon.in/Acer-Celeron-Processor-LPDDR4X-A324-45/dp/B0D7PSYS6B/ref=sr_1_30?dib=eyJ2IjoiMSJ9.ezWdfmG24jmWZCwCd0vD6OKBSnNEZTH9Ue-Y6VemR4nWFALxz9cpQM0Ob6tkAbIcQO2THYXI_ZKLqnT8HzuiAiwXwZJaZqwn4xuO47Ez1TreImSoZBQIbuUH06S9O4R_M1QEKOZxNlYeXqzrZxaDEl8RfVOgQVSNZDt_RWilk5wutaeLLyFX3gWcClETnJujyjjw9AECp4OBIT8SC6zn-gEioq8kWEILSIMceXdzJ9U.-Vrw3dJrBlAtzsxUUeINVcJ9U3DiMxbEOzNUSfriQa0&dib_tag=se&keywords=laptops&qid=1753897375&sr=8-30,https://m.media-amazon.com/images/I/61Y8j1QN5YL._AC_UY218_.jpg
"HP Professional 15, 5th Gen Intel Core Celeron-N4500 Turbo Boost, 2GB DDR4, 128GB SSD, Business Laptop","22,580",20,https://www.amazon.in/HP-Professional-Celeron-N4500-Business-Laptop/dp/B0FCD9LKLZ/ref=sr_1_31?dib=eyJ2IjoiMSJ9.ezWdfmG24jmWZCwCd0vD6OKBSnNEZTH9Ue-Y6VemR4nWFALxz9cpQM0Ob6tkAbIcQO2THYXI_ZKLqnT8HzuiAiwXwZJaZqwn4xuO47Ez1TreImSoZBQIbuUH06S9O4R_M1QEKOZxNlYeXqzrZxaDEl8RfVOgQVSNZDt_RWilk5wutaeLLyFX3gWcClETnJujyjjw9AECp4OBIT8SC6zn-gEioq8kWEILSIMceXdzJ9U.-Vrw3dJrBlAtzsxUUeINVcJ9U3DiMxbEOzNUSfriQa0&dib_tag=se&keywords=laptops&qid=1753897375&sr=8-31,https://m.media-amazon.com/images/I/61Qh9Vy+LwL._AC_UY218_.jpg
"HP 15 (2025), Intel Celeron Dual Core N4500 - (8 GB/256 GB SSD/Intel UHD Graphics/Windows 11 Pro) Thin and Light Business Laptop/15.6"" HD Display/Ash Grey/1.5 kg/MS Office 2021","22,200",4,https://www.amazon.in/HP-15-Intel-Celeron-N4500/dp/B0F8WTY1HN/ref=sr_1_32?dib=eyJ2IjoiMSJ9.ezWdfmG24jmWZCwCd0vD6OKBSnNEZTH9Ue-Y6VemR4nWFALxz9cpQM0Ob6tkAbIcQO2THYXI_ZKLqnT8HzuiAiwXwZJaZqwn4xuO47Ez1TreImSoZBQIbuUH06S9O4R_M1QEKOZxNlYeXqzrZxaDEl8RfVOgQVSNZDt_RWilk5wutaeLLyFX3gWcClETnJujyjjw9AECp4OBIT8SC6zn-gEioq8kWEILSIMceXdzJ9U.-Vrw3dJrBlAtzsxUUeINVcJ9U3DiMxbEOzNUSfriQa0&dib_tag=se&keywords=laptops&qid=1753897375&sr=8-32,https://m.media-amazon.com/images/I/71sxKjBSHKL._AC_UY218_.jpg
"Dell 15 13th Gen Thin & Light Laptop, Intel Core i3-1305U, 15.6"" FHD 120Hz 250 nits Narrow Border Display, 16GB DDR4 RAM, 512GB, Intel UHD Graphics, Windows 11 + Office H&S 2024, Carbon Black, 1.66Kg","40,290",5,https://www.amazon.in/Dell-i3-1305U-Display-Graphics-Windows/dp/B0FG2RJ9NC/ref=sr_1_33?dib=eyJ2IjoiMSJ9.DGs0KxOj_35muyJq3k_Q3W39nU0phPD5T-CtsZdTmeXGXP6mWaJ4z7XChKcTn784_z81OZaaxRXP-Fk9kzTs5jtFi42STUN_JCR-8Yi7dAuveg6GbUdloNKVS2iD1egqKXRxFTkI371H3Upq2_bW0k_v5Tf8uROre29Ej0SL5AwvawgN049dLIW1Ke2RqFIS2gDvOWXQw6jWcpWcxFmlTWC22bIECjclB5rifYZuNjk._96x4axFzyoxJBi82DdjJrwS5PEvQZwlDNc0EV-hBdo&dib_tag=se&keywords=laptops&qid=1753897381&sr=8-33,https://m.media-amazon.com/images/I/61SYJmpvfIL._AC_UY218_.jpg
"Acer [SmartChoice Aspire 3 Laptop Intel Core Celeron N4500 Processor Laptop (8 GB LPDDR4X SDRAM/512 GB SSD/Win11 Home/38 WHR/HD Webcam) A325-45 with 39.63 cm (15.6"") HD Display, Pure Silver, 1.5 KG","24,390",445,https://www.amazon.in/Acer-Celeron-Processor-LPDDR4X-A325-45/dp/B0D7PYTTGH/ref=sr_1_34?dib=eyJ2IjoiMSJ9.DGs0KxOj_35muyJq3k_Q3W39nU0phPD5T-CtsZdTmeXGXP6mWaJ4z7XChKcTn784_z81OZaaxRXP-Fk9kzTs5jtFi42STUN_JCR-8Yi7dAuveg6GbUdloNKVS2iD1egqKXRxFTkI371H3Upq2_bW0k_v5Tf8uROre29Ej0SL5AwvawgN049dLIW1Ke2RqFIS2gDvOWXQw6jWcpWcxFmlTWC22bIECjclB5rifYZuNjk._96x4axFzyoxJBi82DdjJrwS5PEvQZwlDNc0EV-hBdo&dib_tag=se&keywords=laptops&qid=1753897381&sr=8-34,https://m.media-amazon.com/images/I/71TpwcAN1PL._AC_UY218_.jpg
"Lenovo V14 G3 14"" FHD Laptop, Intel Core i5-1235U, 16GB DDR4 RAM, 512GB SSD, Intel Iris Xe Graphics, Windows 11, Ms-Office Lifetime Validity, Iron Grey,1.6kg, 1 Year Onsite Brand Warranty","42,798",20,https://www.amazon.in/Lenovo-V14-G3-i5-1235U-Ms-Office/dp/B0F4XH5MVJ/ref=sr_1_35?dib=eyJ2IjoiMSJ9.DGs0KxOj_35muyJq3k_Q3W39nU0phPD5T-CtsZdTmeXGXP6mWaJ4z7XChKcTn784_z81OZaaxRXP-Fk9kzTs5jtFi42STUN_JCR-8Yi7dAuveg6GbUdloNKVS2iD1egqKXRxFTkI371H3Upq2_bW0k_v5Tf8uROre29Ej0SL5AwvawgN049dLIW1Ke2RqFIS2gDvOWXQw6jWcpWcxFmlTWC22bIECjclB5rifYZuNjk._96x4axFzyoxJBi82DdjJrwS5PEvQZwlDNc0EV-hBdo&dib_tag=se&keywords=laptops&qid=1753897381&sr=8-35,https://m.media-amazon.com/images/I/51bHvUvWrnL._AC_UY218_.jpg
"Lenovo 15 (2025), Intel Celeron Dual Core N4500 - (8 GB/256 GB SSD/Intel UHD Graphics/Windows 11 Pro) Thin and Light Business Laptop/15.6"" FHD Display/Black/1.6 kg/MS Office 2021","23,390",1,https://www.amazon.in/Lenovo-15-Intel-Celeron-N4500/dp/B0F6LK392D/ref=sr_1_36?dib=eyJ2IjoiMSJ9.DGs0KxOj_35muyJq3k_Q3W39nU0phPD5T-CtsZdTmeXGXP6mWaJ4z7XChKcTn784_z81OZaaxRXP-Fk9kzTs5jtFi42STUN_JCR-8Yi7dAuveg6GbUdloNKVS2iD1egqKXRxFTkI371H3Upq2_bW0k_v5Tf8uROre29Ej0SL5AwvawgN049dLIW1Ke2RqFIS2gDvOWXQw6jWcpWcxFmlTWC22bIECjclB5rifYZuNjk._96x4axFzyoxJBi82DdjJrwS5PEvQZwlDNc0EV-hBdo&dib_tag=se&keywords=laptops&qid=1753897381&sr=8-36,https://m.media-amazon.com/images/I/61oQGM1L5DL._AC_UY218_.jpg
"Acer Aspire Lite, AMD Ryzen 3 7330U Processor, 16 GB RAM, 512GB SSD, Full HD, 15.6""/39.62cm, Windows 11 Home, Steel Gray, 1.59KG, AL15-41, Metal Body, Premium Thin and Light Laptop","29,190","1,336",https://www.amazon.in/Acer-Premium-Windows-AL15-41-Display/dp/B0CWTYGPH8/ref=sr_1_37?dib=eyJ2IjoiMSJ9.DGs0KxOj_35muyJq3k_Q3W39nU0phPD5T-CtsZdTmeXGXP6mWaJ4z7XChKcTn784_z81OZaaxRXP-Fk9kzTs5jtFi42STUN_JCR-8Yi7dAuveg6GbUdloNKVS2iD1egqKXRxFTkI371H3Upq2_bW0k_v5Tf8uROre29Ej0SL5AwvawgN049dLIW1Ke2RqFIS2gDvOWXQw6jWcpWcxFmlTWC22bIECjclB5rifYZuNjk._96x4axFzyoxJBi82DdjJrwS5PEvQZwlDNc0EV-hBdo&dib_tag=se&keywords=laptops&qid=1753897381&sr=8-37,https://m.media-amazon.com/images/I/513p8BwV-RL._AC_UY218_.jpg
"Dell Inspiron 3530, Intel Core i5-1334U, 13th Gen, 16GB RAM, 1TB SSD, FHD, 15.6""/39.62cm, Windows 11, MS Office 24, Silver, 1.62KG, Backlit Keyboard, McAfee 15 Month, Thin & Light Laptop","57,810",842,https://www.amazon.in/Dell-Inspiron-3530-i5-1334U-Keyboard/dp/B0DSFQZTVW/ref=sr_1_38?dib=eyJ2IjoiMSJ9.DGs0KxOj_35muyJq3k_Q3W39nU0phPD5T-CtsZdTmeXGXP6mWaJ4z7XChKcTn784_z81OZaaxRXP-Fk9kzTs5jtFi42STUN_JCR-8Yi7dAuveg6GbUdloNKVS2iD1egqKXRxFTkI371H3Upq2_bW0k_v5Tf8uROre29Ej0SL5AwvawgN049dLIW1Ke2RqFIS2gDvOWXQw6jWcpWcxFmlTWC22bIECjclB5rifYZuNjk._96x4axFzyoxJBi82DdjJrwS5PEvQZwlDNc0EV-hBdo&dib_tag=se&keywords=laptops&qid=1753897381&sr=8-38,https://m.media-amazon.com/images/I/71xJuBlvrqL._AC_UY218_.jpg
"HP 15, 13th Gen Intel Core i5-1334U (16GB DDR4, 1TB SSD) FHD, Anti-Glare, Micro-Edge, 15.6''/39.6cm, Win11, M365(1yr)* Office24, Silver, 1.59kg, FD0552TU, Iris Xe, FHD Camera w/Shutter, Backlit Laptop","60,490",53,https://www.amazon.in/HP-i5-1334U-Anti-Glare-Micro-Edge-FD0552TU/dp/B0F671GG5M/ref=sr_1_39?dib=eyJ2IjoiMSJ9.DGs0KxOj_35muyJq3k_Q3W39nU0phPD5T-CtsZdTmeXGXP6mWaJ4z7XChKcTn784_z81OZaaxRXP-Fk9kzTs5jtFi42STUN_JCR-8Yi7dAuveg6GbUdloNKVS2iD1egqKXRxFTkI371H3Upq2_bW0k_v5Tf8uROre29Ej0SL5AwvawgN049dLIW1Ke2RqFIS2gDvOWXQw6jWcpWcxFmlTWC22bIECjclB5rifYZuNjk._96x4axFzyoxJBi82DdjJrwS5PEvQZwlDNc0EV-hBdo&dib_tag=se&keywords=laptops&qid=1753897381&sr=8-39,https://m.media-amazon.com/images/I/71auKfrF0EL._AC_UY218_.jpg
"Acer Aspire Lite, AMD Ryzen 3 7330U Processor, 8 GB RAM, 512 GB SSD, Full HD, 15.6""/39.62cm, Windows 11 Home, Steel Gray, 1.6KG, AL15-41, Metal Body, Premium Thin and Light Laptop","29,690","1,336",https://www.amazon.in/Acer-Smartchoice-Premium-Windows-AL15-41/dp/B0CWTSF1TK/ref=sr_1_40?dib=eyJ2IjoiMSJ9.DGs0KxOj_35muyJq3k_Q3W39nU0phPD5T-CtsZdTmeXGXP6mWaJ4z7XChKcTn784_z81OZaaxRXP-Fk9kzTs5jtFi42STUN_JCR-8Yi7dAuveg6GbUdloNKVS2iD1egqKXRxFTkI371H3Upq2_bW0k_v5Tf8uROre29Ej0SL5AwvawgN049dLIW1Ke2RqFIS2gDvOWXQw6jWcpWcxFmlTWC22bIECjclB5rifYZuNjk._96x4axFzyoxJBi82DdjJrwS5PEvQZwlDNc0EV-hBdo&dib_tag=se&keywords=laptops&qid=1753897381&sr=8-40,https://m.media-amazon.com/images/I/61keRkmSGBL._AC_UY218_.jpg
"Lenovo Smartchoice Ideapad Slim 3 13Th Gen Intel Core I7-13620H 15.3 Inch(38.8Cm) WUXGA IPS Laptop(16GB RAM/512GB SSD/Windows 11/Office Home 2024/Backlit Keyboard/1Yr ADP Free/Grey/1.6Kg),83K100CJIN","65,990",68,https://www.amazon.in/Lenovo-Smartchoice-I7-13620H-Keyboard-83K100CJIN/dp/B0F2162VGQ/ref=sr_1_41?dib=eyJ2IjoiMSJ9.DGs0KxOj_35muyJq3k_Q3W39nU0phPD5T-CtsZdTmeXGXP6mWaJ4z7XChKcTn784_z81OZaaxRXP-Fk9kzTs5jtFi42STUN_JCR-8Yi7dAuveg6GbUdloNKVS2iD1egqKXRxFTkI371H3Upq2_bW0k_v5Tf8uROre29Ej0SL5AwvawgN049dLIW1Ke2RqFIS2gDvOWXQw6jWcpWcxFmlTWC22bIECjclB5rifYZuNjk._96x4axFzyoxJBi82DdjJrwS5PEvQZwlDNc0EV-hBdo&dib_tag=se&keywords=laptops&qid=1753897381&sr=8-41,https://m.media-amazon.com/images/I/71HMPbAf-iL._AC_UY218_.jpg
"Lenovo LOQ 2024 13th Gen Core i7-13650HX | NVIDIA RTX 4060 8GB (24GB RAM/512GB SSD/15.6"" (39.6cm)/Windows 11/Office Home 2024/100% sRGB/3 Mon. Game Pass/Grey/2.4Kg), 83DV00X8IN Gaming Laptop","1,06,990",60,https://www.amazon.in/Lenovo-i7-13650HX-NVIDIA-Windows-83DV00X8IN/dp/B0DPQJNQJ6/ref=sr_1_42?dib=eyJ2IjoiMSJ9.DGs0KxOj_35muyJq3k_Q3W39nU0phPD5T-CtsZdTmeXGXP6mWaJ4z7XChKcTn784_z81OZaaxRXP-Fk9kzTs5jtFi42STUN_JCR-8Yi7dAuveg6GbUdloNKVS2iD1egqKXRxFTkI371H3Upq2_bW0k_v5Tf8uROre29Ej0SL5AwvawgN049dLIW1Ke2RqFIS2gDvOWXQw6jWcpWcxFmlTWC22bIECjclB5rifYZuNjk._96x4axFzyoxJBi82DdjJrwS5PEvQZwlDNc0EV-hBdo&dib_tag=se&keywords=laptops&qid=1753897381&sr=8-42,https://m.media-amazon.com/images/I/8149ThY8zAL._AC_UY218_.jpg
"Acer Chromebook, Intel Celeron N4500, 8GB RAM, 128GB Storage, Full HD, 15.6""/39.6cm, Chrome OS, Silver, 1.6KG, CB315-4H, WiFi 6,3 Months Google One AI Premium Plan& 2TB Cloud Storage AI Powered Laptop","21,190",142,https://www.amazon.in/Chromebook-CB315-4H-Celeron-Premium-Advanced/dp/B0DH4M1MJ3/ref=sr_1_43?dib=eyJ2IjoiMSJ9.DGs0KxOj_35muyJq3k_Q3W39nU0phPD5T-CtsZdTmeXGXP6mWaJ4z7XChKcTn784_z81OZaaxRXP-Fk9kzTs5jtFi42STUN_JCR-8Yi7dAuveg6GbUdloNKVS2iD1egqKXRxFTkI371H3Upq2_bW0k_v5Tf8uROre29Ej0SL5AwvawgN049dLIW1Ke2RqFIS2gDvOWXQw6jWcpWcxFmlTWC22bIECjclB5rifYZuNjk._96x4axFzyoxJBi82DdjJrwS5PEvQZwlDNc0EV-hBdo&dib_tag=se&keywords=laptops&qid=1753897381&sr=8-43,https://m.media-amazon.com/images/I/618YKR-dBgL._AC_UY218_.jpg
"HP 15, AMD Ryzen 7 5825U (16GB DDR4, 512GB SSD) FHD, Anti-Glare, Micro-Edge,15.6''/39.6cm, Win11, M365(1yr)* Office24, Silver, 1.59kg, fc0476AU, Radeon Graphics, FHD Camera w/Shutter, Backlit Laptop","49,890",5,https://www.amazon.in/HP-Anti-Glare-Micro-Edge-Office24-fc0476AU/dp/B0F66X762F/ref=sr_1_44?dib=eyJ2IjoiMSJ9.DGs0KxOj_35muyJq3k_Q3W39nU0phPD5T-CtsZdTmeXGXP6mWaJ4z7XChKcTn784_z81OZaaxRXP-Fk9kzTs5jtFi42STUN_JCR-8Yi7dAuveg6GbUdloNKVS2iD1egqKXRxFTkI371H3Upq2_bW0k_v5Tf8uROre29Ej0SL5AwvawgN049dLIW1Ke2RqFIS2gDvOWXQw6jWcpWcxFmlTWC22bIECjclB5rifYZuNjk._96x4axFzyoxJBi82DdjJrwS5PEvQZwlDNc0EV-hBdo&dib_tag=se&keywords=laptops&qid=1753897381&sr=8-44,https://m.media-amazon.com/images/I/71g16gMMguL._AC_UY218_.jpg
"Acer Aspire Lite,13th Gen, Intel Core i3-1305U, 16GB RAM, 512GB SSD, Full HD, 15.6""/39.62cm, Windows 11 Home, Steel Gray, 1.59KG, AL15-53, Metal Body, 36 WHR, Thin and Light Premium Laptop","36,090",366,https://www.amazon.in/i3-1305U-39-62cm-Windows-AL15-53-Premium/dp/B0DKK15M2P/ref=sr_1_45?dib=eyJ2IjoiMSJ9.DGs0KxOj_35muyJq3k_Q3W39nU0phPD5T-CtsZdTmeXGXP6mWaJ4z7XChKcTn784_z81OZaaxRXP-Fk9kzTs5jtFi42STUN_JCR-8Yi7dAuveg6GbUdloNKVS2iD1egqKXRxFTkI371H3Upq2_bW0k_v5Tf8uROre29Ej0SL5AwvawgN049dLIW1Ke2RqFIS2gDvOWXQw6jWcpWcxFmlTWC22bIECjclB5rifYZuNjk._96x4axFzyoxJBi82DdjJrwS5PEvQZwlDNc0EV-hBdo&dib_tag=se&keywords=laptops&qid=1753897381&sr=8-45,https://m.media-amazon.com/images/I/619X5s7lZQL._AC_UY218_.jpg
"Acer Aspire Lite, 13th Gen, Intel Core i3-1305U, 8GB RAM, 512GB SSD, Full HD, 15.6""/39.62cm, Windows 11 Home, Steel Gray, 1.59KG, AL15-53, Metal Body, 36 WHR, Thin and Light Premium Laptop","31,790",366,https://www.amazon.in/Acer-i3-1305U-Premium-Windows-AL15-53/dp/B0DB1SDB87/ref=sr_1_46?dib=eyJ2IjoiMSJ9.DGs0KxOj_35muyJq3k_Q3W39nU0phPD5T-CtsZdTmeXGXP6mWaJ4z7XChKcTn784_z81OZaaxRXP-Fk9kzTs5jtFi42STUN_JCR-8Yi7dAuveg6GbUdloNKVS2iD1egqKXRxFTkI371H3Upq2_bW0k_v5Tf8uROre29Ej0SL5AwvawgN049dLIW1Ke2RqFIS2gDvOWXQw6jWcpWcxFmlTWC22bIECjclB5rifYZuNjk._96x4axFzyoxJBi82DdjJrwS5PEvQZwlDNc0EV-hBdo&dib_tag=se&keywords=laptops&qid=1753897381&sr=8-46,https://m.media-amazon.com/images/I/71o7b6YJMfL._AC_UY218_.jpg
"HP 15, 13th Gen Intel Core i7-1355U (16GB DDR4, 512GB SSD) FHD, Anti-Glare, 15.6’’/39.6cm, Win11, M365(1yr)* Office 24, Silver, 1.59kg, Iris Xe, FHD Camera w/Shutter, Backlit Laptop fd0468tu/fd0515tu","66,790",32,https://www.amazon.in/HP-i7-1355U-Anti-Glare-fd0468tu-fd0515tu/dp/B0DTTS34NW/ref=sr_1_47?dib=eyJ2IjoiMSJ9.DGs0KxOj_35muyJq3k_Q3W39nU0phPD5T-CtsZdTmeXGXP6mWaJ4z7XChKcTn784_z81OZaaxRXP-Fk9kzTs5jtFi42STUN_JCR-8Yi7dAuveg6GbUdloNKVS2iD1egqKXRxFTkI371H3Upq2_bW0k_v5Tf8uROre29Ej0SL5AwvawgN049dLIW1Ke2RqFIS2gDvOWXQw6jWcpWcxFmlTWC22bIECjclB5rifYZuNjk._96x4axFzyoxJBi82DdjJrwS5PEvQZwlDNc0EV-hBdo&dib_tag=se&keywords=laptops&qid=1753897381&sr=8-47,https://m.media-amazon.com/images/I/71pBjVL7QtL._AC_UY218_.jpg
"Lenovo V15 G4 AMD Athlon Silver 7120U Laptop 8GB LPDDR5 Ram, 512 GB SSD PCIe, Windows 11 Lifetime Validity,15.6"" FHD Screen, AMD Radeon 610M, Silver, 1 Year Brand Warranty","25,990",208,https://www.amazon.in/Lenovo-V15-Lifetime-Validity-Warranty/dp/B0CL7CMTXS/ref=sr_1_48?dib=eyJ2IjoiMSJ9.DGs0KxOj_35muyJq3k_Q3W39nU0phPD5T-CtsZdTmeXGXP6mWaJ4z7XChKcTn784_z81OZaaxRXP-Fk9kzTs5jtFi42STUN_JCR-8Yi7dAuveg6GbUdloNKVS2iD1egqKXRxFTkI371H3Upq2_bW0k_v5Tf8uROre29Ej0SL5AwvawgN049dLIW1Ke2RqFIS2gDvOWXQw6jWcpWcxFmlTWC22bIECjclB5rifYZuNjk._96x4axFzyoxJBi82DdjJrwS5PEvQZwlDNc0EV-hBdo&dib_tag=se&keywords=laptops&qid=1753897381&sr=8-48,https://m.media-amazon.com/images/I/51+SoS8bWbL._AC_UY218_.jpg
